{
  "accuracy": 0.6133333333333333,
  "precision_weighted": 0.46340191042678713,
  "recall_weighted": 0.6133333333333333,
  "f1_weighted": 0.527198790715643,
  "precision_macro": 0.46340191042678713,
  "recall_macro": 0.6133333333333333,
  "f1_macro": 0.527198790715643
}