{
  "accuracy": 0.39939550949913644,
  "precision_weighted": 0.5378419524497906,
  "recall_weighted": 0.39939550949913644,
  "f1_weighted": 0.40069320812002485,
  "precision_macro": 0.4651427103320511,
  "recall_macro": 0.5379563020878434,
  "f1_macro": 0.41919005848985275,
  "auc_macro": 0.6131082283748136,
  "auc_ovr": 0.6131082283748136,
  "auc_por_classe": {
    "No Finding": 0.5417710547527831,
    "Pneumonia": 0.6558300110969544,
    "Tuberculosis": 0.6417236192747033
  }
}