{
  "modelo": "resnet50v2",
  "tempo_segundos": 535.16,
  "tempo_formatado": "8m 55s",
  "epochs": 50,
  "melhor_modelo": "C:\\Users\\marce\\Documents\\GitHub\\Projeto_Final\\results\\02_ResNet50v2\\01\\resnet50v2.melhor_modelo.pt",
  "metricas_teste": {
    "accuracy": 0.7796610169491526,
    "precision_weighted": 0.688349366315468,
    "recall_weighted": 0.7796610169491526,
    "f1_weighted": 0.7311653556078178,
    "precision_macro": 0.2072072072072072,
    "recall_macro": 0.23469387755102042,
    "f1_macro": 0.22009569377990432
  }
}