{
  "accuracy": 0.7796610169491526,
  "precision_weighted": 0.688349366315468,
  "recall_weighted": 0.7796610169491526,
  "f1_weighted": 0.7311653556078178,
  "precision_macro": 0.2072072072072072,
  "recall_macro": 0.23469387755102042,
  "f1_macro": 0.22009569377990432
}