{
  "accuracy": 0.49,
  "precision_weighted": 0.4862509883626632,
  "recall_weighted": 0.49,
  "f1_weighted": 0.48205764141202373,
  "precision_macro": 0.48625098836266323,
  "recall_macro": 0.49,
  "f1_macro": 0.4820576414120238,
  "auc_macro": 0.7017037037037037,
  "auc_ovr": 0.7017037037037037,
  "auc_por_classe": {
    "No Finding": 0.695525925925926,
    "Pneumonia": 0.8180740740740741,
    "Tuberculosis": 0.6760888888888889,
    "Convid": 0.6171259259259259
  }
}