{
  "accuracy": 0.8722679534487653,
  "precision_weighted": 0.9025072737056906,
  "recall_weighted": 0.8722679534487653,
  "f1_weighted": 0.8815496711994237,
  "precision_macro": 0.7582051166753472,
  "recall_macro": 0.8697419711486967,
  "f1_macro": 0.7948413333011498,
  "auc_macro": 0.9638404871150484,
  "auc_ovr": 0.9638404871150484,
  "auc_por_classe": {
    "No Finding": 0.9668711293783011,
    "Pneumonia": 0.9718201533792232,
    "Tuberculosis": 0.9548226801966733,
    "Convid": 0.9618479855059962
  }
}