{
  "accuracy": 0.3559322033898305,
  "precision_weighted": 0.7595372612321765,
  "recall_weighted": 0.3559322033898305,
  "f1_weighted": 0.4300843028838148,
  "precision_macro": 0.30793650793650795,
  "recall_macro": 0.45663265306122447,
  "f1_macro": 0.25479047340329164,
  "auc_macro": 0.6785289960075391,
  "auc_ovr": 0.6785289960075391,
  "auc_por_classe": {
    "No Finding": 0.7828947368421053,
    "Pneumonia": 0.5738993710691824,
    "Tuberculosis": 0.8114035087719299,
    "Convid": 0.5459183673469388
  }
}