{
  "accuracy": 0.9966666666666667,
  "precision_weighted": 0.9967105263157894,
  "recall_weighted": 0.9966666666666667,
  "f1_weighted": 0.9966665185119339,
  "precision_macro": 0.9967105263157895,
  "recall_macro": 0.9966666666666667,
  "f1_macro": 0.9966665185119339,
  "auc_macro": 0.9997037037037038,
  "auc_ovr": 0.9997037037037038,
  "auc_por_classe": {
    "No Finding": 0.9989925925925925,
    "Pneumonia": 1.0,
    "Tuberculosis": 1.0,
    "Convid": 0.9998222222222222
  }
}