{
  "accuracy": 0.053231939163498096,
  "precision_weighted": 0.8492190412286588,
  "recall_weighted": 0.053231939163498096,
  "f1_weighted": 0.05323193916349809,
  "precision_macro": 0.45122549019607844,
  "recall_macro": 0.45122549019607844,
  "f1_macro": 0.053231939163498096,
  "auc_macro": 0.4552559912854031,
  "auc_ovr": 0.4552559912854031,
  "auc_por_classe": {
    "No Finding": 0.39803921568627454,
    "Pneumonia": 0.5124727668845317
  }
}