{
  "accuracy": 0.711864406779661,
  "precision_weighted": 0.8384035926408808,
  "recall_weighted": 0.711864406779661,
  "f1_weighted": 0.7588972592711376,
  "precision_macro": 0.39529914529914534,
  "recall_macro": 0.5454931972789115,
  "f1_macro": 0.42309834773070065,
  "auc_macro": 0.6813297563315296,
  "auc_ovr": 0.6813297563315296,
  "auc_por_classe": {
    "No Finding": 0.4298245614035088,
    "Pneumonia": 0.6312893081761006,
    "Tuberculosis": 0.9473684210526316,
    "Convid": 0.7168367346938775
  }
}