{
  "accuracy": 0.9715025906735751,
  "precision_weighted": 0.9717330157583172,
  "recall_weighted": 0.9715025906735751,
  "f1_weighted": 0.9715681380341279,
  "precision_macro": 0.9570725303633791,
  "recall_macro": 0.9654120555900403,
  "f1_macro": 0.9611696782699997
}