{
  "accuracy": 0.3360772069259154,
  "precision_weighted": 0.6250090068496259,
  "recall_weighted": 0.3360772069259154,
  "f1_weighted": 0.4153738692820875,
  "precision_macro": 0.3745388132053281,
  "recall_macro": 0.33930063212689304,
  "f1_macro": 0.2825442753559483,
  "auc_macro": 0.6271291883809996,
  "auc_ovr": 0.6271291883809996,
  "auc_por_classe": {
    "No Finding": 0.6796874293682171,
    "Pneumonia": 0.7683890946159407,
    "Tuberculosis": 0.5130008369076263,
    "Convid": 0.5474393926322146
  }
}