{
  "accuracy": 0.9166666666666666,
  "precision_weighted": 0.9183802308802308,
  "recall_weighted": 0.9166666666666666,
  "f1_weighted": 0.9173384383778239,
  "precision_macro": 0.9183802308802309,
  "recall_macro": 0.9166666666666667,
  "f1_macro": 0.9173384383778238
}