{
  "accuracy": 0.7366666666666667,
  "precision_weighted": 0.751504855309776,
  "recall_weighted": 0.7366666666666667,
  "f1_weighted": 0.736893764156081,
  "precision_macro": 0.751504855309776,
  "recall_macro": 0.7366666666666668,
  "f1_macro": 0.7368937641560809,
  "auc_macro": 0.7813925925925926,
  "auc_ovr": 0.7813925925925926,
  "auc_por_classe": {
    "No Finding": 0.8757333333333334,
    "Pneumonia": 0.9636148148148149,
    "Tuberculosis": 0.7253333333333333,
    "Convid": 0.560888888888889
  }
}