{
  "accuracy": 0.8912858359352824,
  "precision_weighted": 0.9161163939549075,
  "recall_weighted": 0.8912858359352824,
  "f1_weighted": 0.898622007917586,
  "precision_macro": 0.787278843865967,
  "recall_macro": 0.8977953982691665,
  "f1_macro": 0.8240158376220974,
  "auc_macro": 0.9792011319423497,
  "auc_ovr": 0.9792011319423497,
  "auc_por_classe": {
    "No Finding": 0.9713056752311507,
    "Pneumonia": 0.9900857957208986,
    "Tuberculosis": 0.9743156536597273,
    "Convid": 0.9810974031576223
  }
}