{
  "accuracy": 0.2796610169491525,
  "precision_weighted": 0.730577164150911,
  "recall_weighted": 0.2796610169491525,
  "f1_weighted": 0.34632302171688917,
  "precision_macro": 0.2884625126646403,
  "recall_macro": 0.3737244897959184,
  "f1_macro": 0.2143421318125823,
  "auc_macro": 0.6183625336927222,
  "auc_ovr": 0.6183625336927222,
  "auc_por_classe": {
    "No Finding": 0.6754385964912281,
    "Pneumonia": 0.621069182389937,
    "Tuberculosis": 0.7412280701754386,
    "Convid": 0.43571428571428567
  }
}