{
  "accuracy": 0.5966666666666667,
  "precision_weighted": 0.6665311841942277,
  "recall_weighted": 0.5966666666666667,
  "f1_weighted": 0.6065818217678697,
  "precision_macro": 0.6665311841942276,
  "recall_macro": 0.5966666666666667,
  "f1_macro": 0.6065818217678697,
  "auc_macro": 0.7774814814814816,
  "auc_ovr": 0.7774814814814816,
  "auc_por_classe": {
    "No Finding": 0.7552,
    "Pneumonia": 0.8561185185185185,
    "Tuberculosis": 0.7376592592592592,
    "Convid": 0.7609481481481483
  }
}