{
  "accuracy": 0.5850604490500864,
  "precision_weighted": 0.7014724605004967,
  "recall_weighted": 0.5850604490500864,
  "f1_weighted": 0.5815628505586747,
  "precision_macro": 0.547158748241857,
  "recall_macro": 0.5845606592394499,
  "f1_macro": 0.5170424946585491,
  "auc_macro": 0.6794016500053801,
  "auc_ovr": 0.6794016500053801,
  "auc_por_classe": {
    "No Finding": 0.6067294914368053,
    "Pneumonia": 0.8271135588344088,
    "Tuberculosis": 0.6043618997449262
  }
}