{
  "accuracy": 0.4816223067173637,
  "precision_weighted": 0.9349834823733747,
  "recall_weighted": 0.4816223067173637,
  "f1_weighted": 0.6258658759924532,
  "precision_macro": 0.494116512345679,
  "recall_macro": 0.45016339869281047,
  "f1_macro": 0.34532917039444455,
  "auc_macro": 0.4961328976034858,
  "auc_ovr": 0.4961328976034858,
  "auc_por_classe": {
    "No Finding": 0.4576797385620915,
    "Pneumonia": 0.5345860566448801
  }
}