{
  "modelo": "vgg19",
  "tempo_segundos": 1054.56,
  "tempo_formatado": "17m 34s",
  "epochs": 50,
  "melhor_modelo": "C:\\Users\\marce\\Documents\\GitHub\\Projeto_Final\\results\\01_VGG_19\\01\\vgg19.melhor_modelo.pt",
  "metricas_teste": {
    "accuracy": 0.8305084745762712,
    "precision_weighted": 0.6897443263430049,
    "recall_weighted": 0.8305084745762712,
    "f1_weighted": 0.753609541745135,
    "precision_macro": 0.2076271186440678,
    "recall_macro": 0.25,
    "f1_macro": 0.22685185185185186
  }
}