{
  "accuracy": 0.923728813559322,
  "precision_weighted": 0.9564164648910412,
  "recall_weighted": 0.923728813559322,
  "f1_weighted": 0.9322940270098794,
  "precision_macro": 0.8928571428571428,
  "recall_macro": 0.9770408163265306,
  "f1_macro": 0.9197860962566846,
  "auc_macro": 0.996483121550507,
  "auc_ovr": 0.996483121550507,
  "auc_por_classe": {
    "No Finding": 1.0,
    "Pneumonia": 0.988993710691824,
    "Tuberculosis": 1.0,
    "Convid": 0.996938775510204
  }
}