{
  "accuracy": 0.7732046551234744,
  "precision_weighted": 0.8312415232496111,
  "recall_weighted": 0.7732046551234744,
  "f1_weighted": 0.7886707654787842,
  "precision_macro": 0.6453205931121451,
  "recall_macro": 0.7763520014367105,
  "f1_macro": 0.685623359759557,
  "auc_macro": 0.9257729061054681,
  "auc_ovr": 0.9257729061054681,
  "auc_por_classe": {
    "No Finding": 0.9250011301085252,
    "Pneumonia": 0.9649126015653653,
    "Tuberculosis": 0.8750828189838546,
    "Convid": 0.9380950737641273
  }
}