{
  "accuracy": 0.9163498098859315,
  "precision_weighted": 0.9776932826362484,
  "recall_weighted": 0.9163498098859315,
  "f1_weighted": 0.9386787810391152,
  "precision_macro": 0.6333333333333333,
  "recall_macro": 0.9568627450980391,
  "f1_macro": 0.6879853321829164,
  "auc_macro": 0.9998093681917211,
  "auc_ovr": 0.9998093681917211,
  "auc_por_classe": {
    "No Finding": 0.9998910675381263,
    "Pneumonia": 0.9997276688453159
  }
}